{
    "normals":[0,-1,0,0,1,0,0.839359,0.543577,0,-0,0.040556,0.999177,-0.998593,-0.053024,-2e-06,0,0.040556,-0.999177,0,0.040556,-0.999177,-0.839359,0.543577,-1e-06,-0,0.040556,0.999177,0.998593,-0.053024,0,-0,-1,0,-0,1,-0,-0.251862,0.731244,0.633915,-0.928571,0.040556,-0.368934,0.333199,-0.430905,-0.838629,0.926033,0.08422,0.367925,0.929314,-0.006734,0.369229,0.366573,0.11996,-0.922623,-0.929152,0.019835,-0.369165,-0.310511,0.541107,0.781528,0.92857,0.040556,0.368934,0.25801,0.715355,-0.649383,-0.9275,0.062818,-0.368508,-0.314923,-0.522069,0.792633,0,-1,0,-0,1,0,0.549245,-0.259078,0.794486,-0.820018,0.078698,0.566901,-0.478837,0.53942,-0.692634,0.810341,0.171789,-0.560211,0.822542,0.008103,-0.568646,-0.4089,0.694953,-0.591473,-0.822133,-0.032553,0.568364,0.567194,0.071885,0.820441,0.822245,-0.028085,-0.56844,-0.531563,-0.355287,-0.768903,-0.821225,0.05714,0.567736,0.431456,0.651419,0.624099],
    "faces":[43,0,1,2,3,0,0,1,2,3,0,0,0,0,43,4,7,6,5,0,4,5,6,7,1,1,1,1,43,8,4,5,9,0,8,9,10,11,2,2,2,2,43,9,5,6,10,0,12,13,14,15,3,3,3,3,43,10,6,7,11,0,16,17,18,19,4,4,4,4,43,8,0,3,11,0,20,21,22,23,5,5,5,5,43,4,8,11,7,0,4,20,23,5,6,6,6,6,43,2,10,11,3,0,24,16,19,25,7,7,7,7,43,1,9,10,2,0,26,12,15,27,8,8,8,8,43,0,8,9,1,0,28,8,11,29,9,9,9,9,43,12,13,14,15,0,30,31,32,33,10,10,10,10,43,16,19,18,17,0,34,35,36,37,11,11,11,11,43,24,16,17,25,0,38,39,40,41,12,12,12,12,43,25,17,18,26,0,42,43,44,45,13,13,13,13,43,26,18,19,27,0,46,47,48,49,14,14,14,14,43,20,12,15,23,0,50,51,52,53,15,15,15,15,43,24,20,23,27,0,54,50,53,55,16,16,16,16,43,14,22,23,15,0,56,57,53,52,17,17,17,17,43,13,21,22,14,0,58,59,60,61,18,18,18,18,43,12,20,21,13,0,62,63,64,65,19,19,19,19,43,16,24,27,19,0,66,54,55,67,20,20,20,20,43,22,26,27,23,0,68,69,70,71,21,21,21,21,43,21,25,26,22,0,59,42,45,60,22,22,22,22,43,20,24,25,21,0,72,73,74,75,23,23,23,23,43,28,29,30,31,0,76,77,78,79,24,24,24,24,43,32,35,34,33,0,80,81,82,83,25,25,25,25,43,40,32,33,41,0,84,85,86,87,26,26,26,26,43,41,33,34,42,0,88,89,90,91,27,27,27,27,43,42,34,35,43,0,91,90,92,93,28,28,28,28,43,36,28,31,39,0,94,95,96,97,29,29,29,29,43,40,36,39,43,0,84,94,97,98,30,30,30,30,43,30,38,39,31,0,99,100,101,102,31,31,31,31,43,29,37,38,30,0,103,104,105,106,32,32,32,32,43,28,36,37,29,0,95,94,107,108,33,33,33,33,43,32,40,43,35,0,85,84,98,109,34,34,34,34,43,38,42,43,39,0,110,111,112,113,35,35,35,35,43,37,41,42,38,0,104,88,91,105,36,36,36,36,43,36,40,41,37,0,94,84,87,107,37,37,37,37],
    "materials":[{
        "shading":"lambert",
        "colorEmissive":[0,0,0],
        "DbgColor":15658734,
        "opacity":1,
        "mapDiffuseRepeat":[1,1],
        "colorDiffuse":[0.64,0.64,0.64],
        "DbgName":"Material.002",
        "DbgIndex":0,
        "specularCoef":50,
        "mapDiffuseWrap":["RepeatWrapping","RepeatWrapping"],
        "transparent":false,
        "blending":"NormalBlending",
        "wireframe":false,
        "depthTest":true,
        "colorSpecular":[0.5,0.5,0.5],
        "depthWrite":true,
        "mapDiffuseAnisotropy":1,
        "mapDiffuse":"GrassUVImage.png",
        "visible":true
    }],
    "vertices":[0.662672,0.092488,-0.090486,0.662672,0.092488,0.090486,-0.662672,0.092488,0.090486,-0.662671,0.092488,-0.090486,0.06816,2.09249,-0.009307,0.06816,2.09249,0.009307,-0.06816,2.09249,0.009307,-0.06816,2.09249,-0.009307,0.71577,1.09249,-0.049896,0.71577,1.09249,0.049896,-0.015062,1.09249,0.049896,-0.015062,1.09249,-0.049896,0.336039,0.092488,1.56962,0.167856,0.092488,1.5028,0.657222,0.092488,0.27111,0.825405,0.092488,0.337931,0.480113,2.09249,0.987144,0.462814,2.09249,0.980271,0.513148,2.09249,0.853584,0.530447,2.09249,0.860457,0.459749,0.870363,1.08019,0.367008,0.870363,1.04335,0.636858,0.870363,0.364159,0.729599,0.870363,0.401006,0.301058,1.59249,1.49277,0.246038,1.59249,1.47091,0.40613,1.59249,1.06797,0.46115,1.59249,1.08984,0.038725,0.092488,1.41229,-0.110137,0.092488,1.5152,-0.863813,0.092488,0.425018,-0.714951,0.092488,0.322106,-0.213703,2.09249,1.18991,-0.229014,2.09249,1.2005,-0.306535,2.09249,1.08836,-0.291223,2.09249,1.07778,-0.066848,0.66493,1.43512,-0.148934,0.66493,1.49187,-0.564533,0.66493,0.890711,-0.482446,0.66493,0.833962,-0.360301,1.25787,1.01909,-0.41052,1.25787,1.05381,-0.664777,1.25787,0.686031,-0.614558,1.25787,0.651313],
    "metadata":{
        "normals":38,
        "materials":1,
        "version":3,
        "type":"Geometry",
        "faces":38,
        "vertices":44,
        "uvs":1,
        "generator":"io_three"
    },
    "uvs":[[0.138245,0.832921,0.138256,0.936169,0.031917,0.936169,0.031906,0.832921,0.593135,0.72016,0.582225,0.720934,0.581898,0.716599,0.592809,0.715825,0.81715,0.831987,0.839857,0.775035,0.850793,0.775036,0.875779,0.831987,0.478632,0.838862,0.422552,0.891614,0.411642,0.89084,0.420141,0.834711,0.225196,0.846291,0.249158,0.794898,0.260096,0.794898,0.283834,0.846291,0.649215,0.772912,0.649215,0.829644,0.543143,0.837172,0.590724,0.777063,0.202187,0.900089,0.308527,0.900089,0.478632,0.78213,0.37256,0.774602,0.79305,0.882824,0.899371,0.882824,0.729237,0.77207,0.713635,0.734711,0.713636,0.030975,0.729237,0.068334,0.874437,0.646185,0.874437,0.616344,0.87603,0.61493,0.87603,0.644771,0.968094,0.775035,0.968094,0.917341,0.96655,0.918806,0.963184,0.779695,0.228827,0.714619,0.202187,0.434937,0.202187,0.362734,0.228827,0.484973,0.713635,0.956756,0.717051,0.83402,0.718618,0.837878,0.718618,0.969025,0.096634,0.309529,0.138374,0.030975,0.138374,0.732543,0.096634,0.696394,0.058523,0.074185,0.058523,0.303698,0.136622,0.770971,0.095668,0.717584,0.308747,0.732948,0.267364,0.47099,0.267363,0.083902,0.308747,0.030975,0.960954,0.349109,0.960954,0.500341,0.952962,0.508468,0.946461,0.363845,0.031906,0.362003,0.031906,0.434164,0.882648,0.349109,0.882648,0.548283,0.877777,0.55298,0.874437,0.357026,0.874437,0.26641,0.877778,0.030975,0.882653,0.043285,0.882653,0.287159,0.79305,0.088338,0.810624,0.030975,0.810624,0.655722,0.79305,0.713085,0.948235,0.255034,0.948235,0.281905,0.946466,0.279765,0.946466,0.252894,0.416609,0.314888,0.372763,0.217501,0.37256,0.211495,0.415944,0.295189,0.587845,0.390478,0.543223,0.474543,0.543223,0.410474,0.587845,0.18034,0.543143,0.404456,0.587583,0.160602,0.447994,0.076788,0.479331,0.089367,0.479331,0.712651,0.447994,0.420485,0.41661,0.525156,0.946466,0.168518,0.953146,0.030975,0.961359,0.043341,0.961359,0.190944,0.649823,0.653875,0.619491,0.640613,0.619491,0.297128,0.649823,0.030975,0.446906,0.044589,0.477358,0.030975,0.372763,0.28161,0.955107,0.570418,0.955108,0.6876,0.949818,0.707126,0.946461,0.602333]]
}