{
    "vertices":[-0.907975,2.60501,0.220724,-0.70297,3.65599,1.60794,-1.2074,3.51627,0.158087,-0.258449,3.65599,0.220724,0.023229,3.65599,1.07581,-0.858989,4.11682,0.731019,-0.553161,2.29604,0.953215,-0.70918,2.75688,1.60794,0.021309,2.75688,1.08172,-1.43582,2.63023,0.842117,-0.253417,2.75688,0.22438,0.189862,3.25243,0.842117,-0.429214,3.25243,1.6942,-1.46978,3.5126,1.28922,-1.60201,3.16044,0.842117,-0.429214,3.25243,-0.00997,-0.415206,4.02836,1.05344,0.148174,2.47549,-1.49589,0.30739,3.29172,-0.418514,-0.084375,3.18321,-1.54453,0.652625,3.29172,-1.49589,0.871388,3.29172,-0.831787,0.186219,3.64963,-1.09957,0.423738,2.23553,-0.927004,0.302567,2.59344,-0.418514,0.869896,2.59344,-0.827197,-0.261774,2.49508,-1.01329,0.656532,2.59344,-1.49305,1.0008,2.9783,-1.01329,0.520001,2.9783,-0.351519,-0.288144,3.18036,-0.666051,-0.390845,2.90686,-1.01329,0.520001,2.9783,-1.67505,0.53088,3.58092,-0.84916,-0,0.05077,0.17861,0,2.05077,0.072046,0.172299,0.05077,0.055194,0.0695,2.05077,0.022263,0.106487,0.05077,-0.144499,0.042954,2.05077,-0.058286,-0.106487,0.05077,-0.144499,-0.042954,2.05077,-0.058286,-0.172299,0.05077,0.055194,-0.0695,2.05077,0.022263,0,1.80778,0.17861,0.172299,1.80778,0.055194,0.106487,1.80778,-0.144499,-0.106487,1.80778,-0.144499,-0.172299,1.80778,0.055194,0.172299,1.55458,0.055194,0.106487,1.55458,-0.144499,-0.106487,1.55458,-0.144499,-0.172299,1.55458,0.055194,0,1.55458,0.17861,-0.584772,2.08217,0.833636,-0.331614,2.0851,0.829844,-0.334876,2.09277,0.618067,-0.588033,2.08984,0.62186,-0.692605,2.80051,0.857594,-0.591478,2.80168,0.856079,-0.59278,2.80474,0.771482,-0.693908,2.80357,0.772997,0.3568,2.70083,-1.00645,0.287593,2.66239,-1.03307,0.411637,2.62482,-1.03927,0.342429,2.58638,-1.06589],
    "faces":[42,6,9,0,0,0,1,2,0,0,0,42,0,9,2,0,3,4,5,1,1,1,42,8,11,12,0,6,7,8,2,2,2,42,7,12,13,0,9,10,11,3,3,3,42,0,2,15,0,3,5,12,4,4,4,42,10,15,11,0,13,14,15,5,5,5,42,1,4,16,0,16,17,18,6,6,6,42,13,1,5,0,19,16,20,7,7,7,42,2,13,5,0,5,21,22,8,8,8,42,3,2,5,0,23,24,20,9,9,9,42,4,3,16,0,17,23,18,10,10,10,42,16,3,5,0,18,23,20,11,11,11,42,5,1,16,0,20,16,18,12,12,12,42,11,3,4,0,15,25,26,13,13,13,42,11,15,3,0,15,14,25,14,14,14,42,15,2,3,0,14,27,25,15,15,15,42,14,13,2,0,28,21,5,16,16,16,42,13,12,1,0,11,10,29,17,17,17,42,12,4,1,0,8,30,31,18,18,18,42,12,11,4,0,8,7,30,19,19,19,42,10,0,15,0,13,32,14,20,20,20,42,2,9,14,0,5,4,28,21,21,21,42,14,9,13,0,33,34,11,22,22,22,42,9,7,13,0,34,9,11,23,23,23,42,7,8,12,0,35,6,8,24,24,24,42,8,10,11,0,36,13,15,25,25,25,42,6,0,10,0,0,2,37,26,26,26,42,6,7,9,0,38,9,34,27,27,27,42,8,6,10,0,39,0,37,28,28,28,42,6,8,7,0,40,6,35,29,29,29,42,23,26,17,0,41,42,43,30,30,30,42,17,26,19,0,44,45,46,31,31,31,42,25,28,29,0,47,48,49,32,32,32,42,24,29,30,0,50,51,52,33,33,33,42,17,19,32,0,44,46,53,34,34,34,42,27,32,28,0,54,55,56,35,35,35,42,18,21,33,0,57,58,59,36,36,36,42,30,18,22,0,60,57,61,37,37,37,42,19,30,22,0,46,62,63,38,38,38,42,20,19,22,0,64,65,61,39,39,39,42,21,20,33,0,58,64,59,40,40,40,42,33,20,22,0,59,64,61,41,41,41,42,22,18,33,0,61,57,59,42,42,42,42,28,20,21,0,56,66,67,43,43,43,42,28,32,20,0,56,55,66,44,44,44,42,32,19,20,0,55,68,66,45,45,45,42,31,30,19,0,69,62,46,46,46,46,42,30,29,18,0,52,51,70,47,47,47,42,29,21,18,0,49,71,72,48,48,48,42,29,28,21,0,49,48,71,49,49,49,42,27,17,32,0,54,73,55,50,50,50,42,19,26,31,0,46,45,69,51,51,51,42,31,26,30,0,74,75,52,52,52,52,42,26,24,30,0,75,50,52,53,53,53,42,24,25,29,0,76,47,49,54,54,54,42,25,27,28,0,77,54,56,55,55,55,42,23,17,27,0,41,43,78,56,56,56,42,23,24,26,0,79,50,75,57,57,57,42,25,23,27,0,80,41,78,58,58,58,42,23,25,24,0,81,47,76,59,59,59,43,44,35,37,45,0,82,83,84,85,60,60,60,60,43,45,37,39,46,0,86,87,88,89,61,61,61,61,43,46,39,41,47,0,89,88,90,91,62,62,62,62,42,39,37,35,0,96,92,93,63,63,63,42,35,43,41,0,93,94,95,64,64,64,42,35,41,39,0,93,95,96,64,64,64,43,47,41,43,48,0,97,98,99,100,65,65,65,65,43,48,43,35,44,0,101,102,103,104,66,66,66,66,42,42,34,36,0,109,105,106,67,67,67,42,36,38,40,0,106,107,108,67,67,67,42,36,40,42,0,106,108,109,68,68,68,43,48,44,55,56,0,110,111,112,113,69,69,69,69,43,51,47,48,52,0,114,97,100,115,70,70,70,70,43,46,47,63,62,0,116,117,118,119,71,71,71,71,43,49,45,46,50,0,120,86,89,121,72,72,72,72,43,53,44,45,49,0,122,82,85,123,73,73,73,73,43,34,53,49,36,0,124,122,123,125,74,74,74,74,43,36,49,50,38,0,126,120,121,127,75,75,75,75,43,38,50,51,40,0,127,121,128,129,76,76,76,76,43,40,51,52,42,0,130,114,115,131,77,77,77,77,43,42,52,53,34,0,132,133,134,135,78,78,78,78,43,54,57,61,58,0,136,137,138,139,79,79,79,79,43,53,52,57,54,0,140,141,142,143,80,80,80,80,43,52,48,56,57,0,115,100,144,145,81,81,81,81,43,44,53,54,55,0,82,122,146,147,82,82,82,82,43,61,60,59,58,0,148,149,150,151,83,83,83,83,43,56,55,59,60,0,152,147,153,154,84,84,84,84,43,57,56,60,61,0,155,156,157,158,85,85,85,85,43,55,54,58,59,0,147,146,159,153,86,86,86,86,43,64,62,63,65,0,160,161,162,163,87,87,87,87,43,47,51,65,63,0,97,114,164,165,88,88,88,88,43,51,50,64,65,0,166,167,168,169,89,89,89,89,43,50,46,62,64,0,170,171,172,173,90,90,90,90],
    "materials":[{
        "mapDiffuseRepeat":[1,1],
        "DbgIndex":0,
        "colorDiffuse":[0.64,0.64,0.64],
        "transparent":false,
        "mapDiffuseAnisotropy":1,
        "opacity":1,
        "DbgName":"Material.005",
        "visible":true,
        "shading":"lambert",
        "depthWrite":true,
        "blending":"NormalBlending",
        "colorSpecular":[0.5,0.5,0.5],
        "mapDiffuse":"iTreeUVImage2.png",
        "specularCoef":50,
        "wireframe":false,
        "depthTest":true,
        "DbgColor":15658734,
        "colorEmissive":[0,0,0],
        "mapDiffuseWrap":["RepeatWrapping","RepeatWrapping"]
    }],