{
    "metadata":{
        "uvs":1,
        "version":3,
        "faces":37,
        "normals":35,
        "vertices":25,
        "generator":"io_three",
        "materials":1,
        "type":"Geometry"
    },
    "vertices":[-0.169459,1.80999,-0.521549,0.002606,2.69209,0.642774,-0.420776,2.57483,-0.574123,0.317616,2.5417,-0.675765,0.740839,2.5417,0.093248,-0.128344,3.07888,-0.093247,0.128344,1.55066,0.093247,-0.002606,1.93745,0.642774,0.61051,1.93745,0.201108,-0.612493,1.83116,-0,0.379926,1.93745,-0.518481,0.232376,2.35338,0.715176,-0.640991,2.57174,0.37526,-0.751981,2.27617,-0,0.244133,3.00463,0.177372,-0,0.011446,-0.332893,-0,2.01145,-0.121327,0.316919,0.011446,-0.10287,0.115505,2.01145,-0.037492,0.195867,0.011446,0.269316,0.071386,2.01145,0.098155,-0.195867,0.011446,0.269316,-0.071386,2.01145,0.098155,-0.316919,0.011446,-0.10287,-0.115505,2.01145,-0.037492],
    "uvs":[[0.903226,0.714971,0.718675,0.828651,0.708261,0.645985,0.683775,0.531346,0.674861,0.658627,0.454393,0.552845,0.113506,0.12227,0.285755,0.168061,0.125658,0.32794,0.357243,0.754931,0.462907,0.669999,0.570435,0.909337,0.505654,0.356868,0.191209,0,0.357243,0.057377,0.203967,0.385375,0.357243,0.304945,0.555753,0,0.708261,0.122519,0.491712,0.208089,0.357243,0.173424,0.357243,0.456529,0.689539,0.356867,0.441471,0.356868,0.61512,0.256083,0.463056,0.005759,0.570435,0.718947,0.683775,0.378451,0.543301,0.669999,0.498691,0.976264,0.366509,0.960402,0.016506,0.282611,0.813089,0.536062,0.961547,0.828651,1,0.627566,0,0.10156,0.801705,0.524731,0.795262,0,0.827456,0.00413,0.890036,0.536062,0.168996,0.930134,0.21143,0.385375,0.251716,0.385375,0.279532,0.930134,0,0.931323,0.04344,0.386238,0.083146,0.386238,0.108944,0.931323,0.30282,0.447953,0.279532,0.41613,0.30282,0.385375,0.340501,0.398192,0.340501,0.436867,0.105033,0.385375,0.168996,0.928957,0.708261,0.536062,0.761206,0.00413,0.876877,0.96472,0.772667,1,0.708261,0.915905,0.772667,0.828651,0.876877,0.85882]],
    "faces":[42,6,9,0,0,0,1,2,0,0,0,42,0,9,2,0,3,4,5,1,1,1,42,8,4,11,0,6,7,8,2,2,2,42,7,11,12,0,9,10,11,3,3,3,42,0,2,3,0,3,5,12,4,4,4,42,10,3,4,0,13,14,7,5,5,5,42,1,4,14,0,15,7,16,6,6,6,42,12,1,5,0,17,18,19,7,7,7,42,2,12,5,0,20,17,19,8,8,8,42,3,2,5,0,12,5,21,9,9,9,42,4,3,14,0,22,23,24,10,10,10,42,14,3,5,0,24,23,19,11,11,11,42,5,1,14,0,19,18,24,12,12,12,42,13,12,2,0,25,17,20,13,13,13,42,12,11,1,0,11,10,26,14,14,14,42,11,4,1,0,8,7,15,15,15,15,42,10,0,3,0,27,3,12,16,16,16,42,2,9,13,0,5,4,28,17,17,17,42,13,9,12,0,29,30,11,18,18,18,42,9,7,12,0,30,9,11,19,19,19,42,7,8,11,0,31,6,8,20,20,20,42,8,10,4,0,6,13,7,21,21,21,42,6,0,10,0,0,2,32,22,22,22,42,6,7,9,0,0,33,1,23,23,23,42,8,6,10,0,34,0,32,24,24,24,42,6,8,7,0,35,6,31,25,25,25,43,15,16,18,17,0,36,37,38,39,26,26,26,26,43,17,18,20,19,0,40,41,42,43,27,27,27,27,43,19,20,22,21,0,44,45,46,47,28,28,28,28,42,20,18,16,0,52,48,49,29,29,29,42,16,24,22,0,49,50,51,30,30,30,42,16,22,20,0,49,51,52,30,30,30,43,21,22,24,23,0,47,46,53,54,31,31,31,31,43,23,24,16,15,0,55,56,37,36,32,32,32,32,42,23,15,17,0,61,57,58,33,33,33,42,17,19,21,0,58,59,60,34,34,34,42,17,21,23,0,58,60,61,34,34,34],
    "normals":[-0.318502,-0.918773,-0.233265,-0.736383,-0.284172,-0.613993,0.781386,-0.057617,0.621383,-0.354287,0.037506,0.934384,-0.14049,-0.113769,-0.983524,0.875547,-0.035139,-0.481854,0.579178,0.505167,0.639812,-0.351001,0.801728,0.483767,-0.769012,0.614418,-0.176381,-0.064982,0.708294,-0.70292,0.61099,0.716675,-0.336256,0.447748,0.801515,-0.396353,-0.17964,0.857289,0.482477,-0.817037,0.545163,-0.187745,-0.374265,-0.056027,0.925628,0.574644,0.524159,0.628524,0.062336,-0.245388,-0.967419,-0.7795,-0.244332,-0.576786,-0.847359,-0.265602,0.459824,-0.644406,-0.365217,0.671831,0.528688,-0.426444,0.733917,0.921689,-0.251518,-0.295344,0.20285,-0.86318,-0.462355,-0.363093,-0.800463,0.476888,0.639942,-0.740556,-0.205061,0.422729,-0.690608,0.586824,0.585256,0.085298,-0.806349,0.947495,0.085346,0.308171,-0,0.085269,0.996358,0,1,-0,0,1,0,-0.947495,0.085346,0.30817,-0.585256,0.085298,-0.806349,-0,-1,0,0,-1,0],
    "materials":[{
        "specularCoef":50,
        "depthTest":true,
        "opacity":1,
        "mapDiffuseRepeat":[1,1],
        "colorSpecular":[0.5,0.5,0.5],
        "colorEmissive":[0,0,0],
        "DbgColor":15658734,
        "DbgName":"Material.003",
        "mapDiffuseAnisotropy":1,
        "mapDiffuse":"iTreeUVImage1.png",
        "blending":"NormalBlending",
        "visible":true,
        "DbgIndex":0,
        "shading":"lambert",
        "depthWrite":true,
        "mapDiffuseWrap":["RepeatWrapping","RepeatWrapping"],
        "colorDiffuse":[0.64,0.64,0.64],
        "wireframe":false,
        "transparent":false
    }]
}