{
    "metadata":{
        "type":"Geometry",
        "version":3,
        "faces":86,
        "vertices":84,
        "generator":"io_three",
        "uvs":1,
        "materials":1,
        "normals":83
    },
    "materials":[{
        "specularCoef":50,
        "DbgColor":15658734,
        "mapDiffuse":"Mominoki.png",
        "mapDiffuseWrap":["RepeatWrapping","RepeatWrapping"],
        "depthWrite":true,
        "DbgName":"Material",
        "colorSpecular":[0.5,0.5,0.5],
        "visible":true,
        "colorDiffuse":[0.64,0.64,0.64],
        "colorEmissive":[0,0,0],
        "DbgIndex":0,
        "mapDiffuseAnisotropy":1,
        "transparent":false,
        "opacity":1,
        "wireframe":false,
        "mapDiffuseRepeat":[1,1],
        "blending":"NormalBlending",
        "depthTest":true,
        "shading":"lambert"
    }],
    "uvs":[[0.392207,0.801938,0.367529,0.848597,0.354334,0.843551,0.350824,0.797257,0.342774,0.851379,0.30873,0.811013,0.338709,0.871233,0.26465,0.851033,0.362331,0.901383,0.178423,0.999923,0.376652,0.863546,0.513354,0.877126,0.437735,0.824634,0.291524,0.051636,0.284343,0.054065,0.276973,0.05221,0.269713,0.042287,0.282168,7.7e-05,0.298069,0.041062,0.449402,0.323146,0.464434,0.433682,0.390381,0.428205,0.378957,0.332247,0.571117,0.291601,0.546529,0.426005,0.175928,0.318411,0.171225,0.394803,0.090307,0.371915,0.057085,0.291712,0.243921,0.328098,0.243971,0.414188,0.310696,0.333161,0.316983,0.423388,0.478701,0.624727,0.471123,0.708249,0.404533,0.69388,0.405472,0.622523,0.587925,0.620591,0.548854,0.719407,0.163616,0.627394,0.17694,0.704694,0.062442,0.721682,7.7e-05,0.62805,0.253139,0.622788,0.263687,0.694528,0.331611,0.621095,0.336752,0.689558,0.309635,0.105755,0.281269,0.106705,0.254221,0.099809,0.228995,0.084198,0.205613,0.05894,0.363126,0.071042,0.339142,0.096866,0.468725,0.741756,0.446788,0.804611,0.396829,0.780797,0.404752,0.730806,0.567369,0.757163,0.512411,0.841066,0.198087,0.764811,0.230508,0.822866,0.14115,0.906325,0.031143,0.827371,0.277394,0.738593,0.294181,0.787245,0.343036,0.728511,0.347177,0.774923,0.397471,0.486172,0.40095,0.57059,0.325319,0.565759,0.321587,0.484176,0.246278,0.561418,0.244155,0.479311,0.161207,0.550368,0.162324,0.471603,0.061815,0.535213,0.024129,0.448687,0.587925,0.468629,0.556362,0.579432,0.474884,0.579834,0.473029,0.48379,0.337642,0.173413,0.366373,0.271587,0.304873,0.269985,0.291895,0.180736,0.246316,0.260819,0.245527,0.179476,0.18994,0.240681,0.195001,0.169983,0.126995,0.217306,0.096172,0.135513,0.488548,0.086846,0.507459,0.247819,0.431935,0.269422,0.384855,0.15489]],
    "normals":[0.318596,0.770705,-0.551825,0.637192,0.770705,0,0.318596,0.770705,0.551825,-0.318596,0.770705,0.551825,0,1,0,0,1,0,-0.637192,0.770705,0,-0.318596,0.770705,-0.551825,-0,-1,0,0,-1,0,0,-1,0,-0.293939,0.80895,-0.509116,-0.587877,0.80895,-0,-0.293939,0.80895,0.509116,0.293939,0.80895,0.509116,0.587877,0.80895,-0,0.293939,0.80895,-0.509116,-0.367341,0.678412,-0.636253,-0.734681,0.678412,-0,-0.367341,0.678412,0.636253,0.367341,0.678412,0.636253,0.734681,0.678412,0,0.367341,0.678412,-0.636253,0.499996,-0.003771,-0.866019,0.999993,-0.003771,0,0.499996,-0.003771,0.866019,-0.499997,-0.003771,0.866019,-0.999993,-0.003771,0,-0.499996,-0.003771,-0.866019,-0.406363,0.582645,-0.703842,-0.812727,0.582645,0,-0.406363,0.582645,0.703842,0.406363,0.582645,0.703842,0.812727,0.582645,0,0.406363,0.582645,-0.703842,0.342843,0.727898,-0.593821,0.685686,0.727898,0,0.342843,0.727898,0.593821,-0.342843,0.727898,0.593821,-0.685686,0.727898,-0,-0.342843,0.727898,-0.593821,0.24014,0.877116,-0.415934,0.480279,0.877116,-0,0.24014,0.877116,0.415934,-0.24014,0.877116,0.415934,-0.480279,0.877116,-0,-0.24014,0.877116,-0.415934,-0,-1,-0,-0,-1,0,-0,-1,0,0,-1,0,0,-1,0,0,-1,-0,0,-1,0,0,-1,0,0,-1,0,-0,-1,0,-0,-1,0,-0,-1,0,-0,-1,0,-0,-1,0,-0,-1,0,-0,-1,0,0,-1,0,-0,-1,0,0.006223,-0.999923,-0.010779,0.012447,-0.999923,0,0.006223,-0.999923,0.010779,-0.006223,-0.999922,0.010779,-0.012447,-0.999923,0,-0.006223,-0.999923,-0.010779,0.007836,-0.999877,-0.013571,0.015671,-0.999877,0,0.007836,-0.999877,0.013572,-0.007836,-0.999877,0.013572,-0.015671,-0.999877,0,-0.007836,-0.999877,-0.013571,0,-1,0,0,-1,0,0,-1,-0,-0,-1,-0,-0,-1,-0,-0,-1,0],
    "faces":[43,78,1,3,79,0,0,1,2,3,0,0,0,0,43,79,3,5,80,0,3,2,4,5,1,1,1,1,43,80,5,7,81,0,5,4,6,7,2,2,2,2,43,81,7,9,82,0,7,6,8,9,3,3,3,3,42,5,3,1,0,4,2,1,4,4,4,42,1,11,9,0,1,10,8,4,4,4,42,9,7,5,0,8,6,4,4,4,4,42,1,9,5,0,1,8,4,5,5,5,43,82,9,11,83,0,11,8,10,12,6,6,6,6,43,83,11,1,78,0,12,10,1,0,7,7,7,7,42,10,0,2,0,18,13,14,8,8,8,42,2,4,6,0,14,15,16,9,9,9,42,6,8,10,0,16,17,18,10,10,10,42,2,6,10,0,14,16,18,10,10,10,43,59,17,12,54,0,19,20,21,22,11,11,11,11,43,58,16,17,59,0,23,24,20,19,12,12,12,12,43,57,15,16,58,0,25,26,27,28,13,13,13,13,43,56,14,15,57,0,29,30,26,25,14,14,14,14,43,55,13,14,56,0,31,32,30,29,15,15,15,15,43,54,12,13,55,0,22,21,32,31,16,16,16,16,43,71,23,18,66,0,33,34,35,36,17,17,17,17,43,70,22,23,71,0,37,38,34,33,18,18,18,18,43,69,21,22,70,0,39,40,41,42,19,19,19,19,43,68,20,21,69,0,43,44,40,39,20,20,20,20,43,67,19,20,68,0,45,46,44,43,21,21,21,21,43,66,18,19,67,0,36,35,46,45,22,22,22,22,43,0,29,24,2,0,13,47,48,14,23,23,23,23,43,2,24,25,4,0,14,48,49,15,24,24,24,24,43,4,25,26,6,0,15,49,50,16,25,25,25,25,43,6,26,27,8,0,16,50,51,17,26,26,26,26,43,8,27,28,10,0,17,52,53,18,27,27,27,27,43,29,0,10,28,0,47,13,18,53,28,28,28,28,43,76,35,30,77,0,54,55,56,57,29,29,29,29,43,75,34,35,76,0,58,59,55,54,30,30,30,30,43,74,33,34,75,0,60,61,62,63,31,31,31,31,43,73,32,33,74,0,64,65,61,60,32,32,32,32,43,72,31,32,73,0,66,67,65,64,33,33,33,33,43,77,30,31,72,0,57,56,67,66,34,34,34,34,43,65,41,36,60,0,68,69,70,71,35,35,35,35,43,60,36,37,61,0,71,70,72,73,36,36,36,36,43,61,37,38,62,0,73,72,74,75,37,37,37,37,43,62,38,39,63,0,75,74,76,77,38,38,38,38,43,63,39,40,64,0,78,79,80,81,39,39,39,39,43,64,40,41,65,0,81,80,69,68,40,40,40,40,43,53,42,43,48,0,82,83,84,85,41,41,41,41,43,48,43,44,49,0,85,84,86,87,42,42,42,42,43,49,44,45,50,0,87,86,88,89,43,43,43,43,43,50,45,46,51,0,89,88,90,91,44,44,44,44,43,51,46,47,52,0,92,93,94,95,45,45,45,45,43,52,47,42,53,0,95,94,83,82,46,46,46,46,43,28,52,53,29,0,53,95,82,47,47,47,47,47,43,27,51,52,28,0,52,92,95,53,48,48,48,48,43,26,50,51,27,0,50,89,91,51,49,49,49,49,43,25,49,50,26,0,49,87,89,50,50,50,50,50,43,24,48,49,25,0,48,85,87,49,51,51,51,51,43,29,53,48,24,0,47,82,85,48,52,52,52,52,43,42,54,55,43,0,83,22,31,84,53,53,53,53,43,43,55,56,44,0,84,31,29,86,54,54,54,54,43,44,56,57,45,0,86,29,25,88,55,55,55,55,43,45,57,58,46,0,88,25,28,90,56,56,56,56,43,46,58,59,47,0,93,23,19,94,57,57,57,57,43,47,59,54,42,0,94,19,22,83,58,58,58,58,43,17,64,65,12,0,20,81,68,21,59,59,59,59,43,16,63,64,17,0,24,78,81,20,60,60,60,60,43,15,62,63,16,0,26,75,77,27,61,61,61,61,43,14,61,62,15,0,30,73,75,26,62,62,62,62,43,13,60,61,14,0,32,71,73,30,63,63,63,63,43,12,65,60,13,0,21,68,71,32,64,64,64,64,43,41,66,67,36,0,69,36,45,70,65,65,65,65,43,36,67,68,37,0,70,45,43,72,66,66,66,66,43,37,68,69,38,0,72,43,39,74,67,67,67,67,43,38,69,70,39,0,74,39,42,76,68,68,68,68,43,39,70,71,40,0,79,37,33,80,69,69,69,69,43,40,71,66,41,0,80,33,36,69,70,70,70,70,43,18,77,72,19,0,35,57,66,46,71,71,71,71,43,19,72,73,20,0,46,66,64,44,72,72,72,72,43,20,73,74,21,0,44,64,60,40,73,73,73,73,43,21,74,75,22,0,40,60,63,41,74,74,74,74,43,22,75,76,23,0,38,58,54,34,75,75,75,75,43,23,76,77,18,0,34,54,57,35,76,76,76,76,43,35,83,78,30,0,55,12,0,56,77,77,77,77,43,34,82,83,35,0,59,11,12,55,78,78,78,78,43,33,81,82,34,0,61,7,9,62,79,79,79,79,43,32,80,81,33,0,65,5,7,61,80,80,80,80,43,31,79,80,32,0,67,3,5,65,81,81,81,81,43,30,78,79,31,0,56,0,3,67,82,82,82,82],