{
    "uvs":[[0.856181,0.855373,0.788591,0.814081,0.81283,0.798764,0.905031,0.824505,0.81283,0.7478,0.905031,0.721794,0.788591,0.855373,0.839728,0.880021,0.839728,0.930982,0.788591,0.958077,0.714949,0.814793,0.714949,0.865726,0.666836,0.881519,0.6371,0.840347,0.666836,0.799109,0.300884,0.871423,0.231177,0.82849,0.253758,0.811869,0.346392,0.837926,0.253758,0.760912,0.346392,0.735231,0.156303,0.545767,0.059703,0.577769,0,0.49488,0.059703,0.41165,0.156303,0.443099,0.580859,0.150594,0.688358,0.142727,0.760106,0.281334,0.495848,0.263452,0.96165,0.695273,0.91273,0.525703,0.96165,0.396355,0.462993,0.546514,0.398224,0.396355,0.487586,0.464415,0.771176,0.720926,0.771176,0.926971,0.714949,0.794154,0.147098,0.577769,0.072693,0.763444,0.088295,0.614964,0.652639,0.396355,0.652639,0.701355,0.566638,0.578942,0.231177,0.41165,0.156303,0.608533,0.171304,0.459978,0.51858,0.641337,0.500361,0.396355,0.566638,0.489665,0,0.205983,0.148435,0,0.121724,0.160918,0.148435,0.41165,0.388609,0.332777,0.199401,0.27245,0.388609,0.078363,0.335773,0.23684,0.281583,0.097296,0.987643,0.396355,0.987643,0.721734,0.96165,0.469002,0.380856,0.731769,0.306044,0.602288,0.380856,0.41165,0.652639,0.717342,0.714949,0.396355,0.697442,0.642958,0.306044,0.735232,0.231177,0.605613,0.306044,0.41165,1,0,1,0.260758,0.956952,0.080697,0.788591,0.720926,0.714949,0.590783,0.788591,0.396355,0.956952,0,0.956952,0.316948,0.905195,0.074522,0.072693,0.900028,0,0.769217,0.072693,0.577769,0.487586,0.722659,0.833619,0.31905,0.760106,0.188725,0.833619,0,0.714949,0.799109,0.231177,0.737877,0.387956,0.985041,0.346392,0.909022,0.387956,0.735231,0.543573,1,0.487586,0.866349,0.543573,0.795829,0.566638,0.826521,0.629724,0.701355,0.629724,0.962075,0.958347,0.958086,0.91273,0.77492,0.958347,0.695273,0.731434,0.441902,0.147098,0.892606,0.202732,0.985524,0.156303,0.813134,0.202732,0.737877,0.566638,0.795829,0.833619,0.187414,0.905195,0,0.905195,0.318905,0.487586,0.791348,0.444799,0.995167,0.388609,0.862652,0.444799,0.791348,0.788591,0.591291,0.860627,0.396355,0.860627,0.721794,0.91273,0.713174,0.860627,0.471839,0.91273,0.396355,0.707756,0.396355,0.760106,0.102915,0.599083,0,0.388609,0.138895,0.455773,0.383856,0.388609,0.651515]],
    "vertices":[0,0.007825,-0.360127,0,1.28439,-0.178692,0.342501,0.007825,-0.111285,0.169947,1.28439,-0.055219,0.211677,0.007825,0.291349,0.105033,1.28439,0.144565,-0.211678,0.007825,0.291349,-0.105033,1.28439,0.144565,-0.342501,0.007825,-0.111285,-0.169947,1.28439,-0.055219,0.603768,1.44411,-0.46367,0.711806,3.55156,0.538078,-0.291786,3.55156,0.843243,-0.892138,3.55156,-0.016921,-0.259591,3.55156,-0.853704,0.731704,3.55156,-0.510693,-0.283515,4.36128,-0.039844,-0.25279,0.938916,-0.134409,-0.711806,1.74863,0.538078,0.291786,1.74864,0.843243,-0.046086,1.00195,0.416365,-0.040746,1.1861,-0.524148,-0.731704,1.74864,-0.510693,-0.016684,1.74529,-0.850484,0.892138,1.74864,-0.016921,0.951058,2.6501,0.309013,0.951058,2.6501,-0.309013,0,2.6501,1,0.587786,2.6501,0.809017,-0.951058,2.6501,0.309013,-0.587786,2.6501,0.809017,-0.587786,2.6501,-0.809017,-0.951058,2.6501,-0.309013,0.587786,2.6501,-0.809017,0,2.6501,-1,0.511082,4.1141,-0.123218,0.040746,4.11409,-0.524149,0.046086,4.29824,0.416364],
    "materials":[{
        "colorDiffuse":[0.64,0.64,0.64],
        "colorEmissive":[0,0,0],
        "DbgColor":15658734,
        "specularCoef":50,
        "depthWrite":true,
        "visible":true,
        "transparent":false,
        "blending":"NormalBlending",
        "opacity":1,
        "shading":"lambert",
        "colorSpecular":[0.5,0.5,0.5],
        "wireframe":false,
        "DbgName":"Material.003",
        "mapDiffuse":"TwistTreeUVImage.png",
        "mapDiffuseAnisotropy":1,
        "mapDiffuseWrap":["RepeatWrapping","RepeatWrapping"],
        "DbgIndex":0,
        "mapDiffuseRepeat":[1,1],
        "depthTest":true
    }],
    "metadata":{
        "vertices":38,
        "type":"Geometry",
        "materials":1,
        "uvs":1,
        "generator":"io_three",
        "version":3,
        "normals":62,
        "faces":63
    },
    "normals":[0.583938,0.114231,-0.803721,0.944831,0.114231,0.306994,-0,0.114231,0.993454,0,1,-0,0,1,0,-0.944831,0.114231,0.306994,-0.583938,0.114231,-0.803721,-0,-1,0,0,-1,0,0,-1,0,0.376764,-0.861181,-0.341197,0.482915,-0.871871,-0.081451,0.618166,0.42061,-0.664047,0.786081,-0.236431,0.571118,-0.300256,-0.236432,0.924092,-0.971648,-0.236433,0,-0.26758,-0.500204,-0.823527,0.786081,-0.236432,-0.571118,0.934909,0.354443,0.017736,0.268668,0.383564,0.88357,-0.672336,0.572504,0.469259,-0.689296,0.503357,-0.521059,0.305772,0.354439,-0.883673,-0.468733,0.619279,-0.629907,-0.660957,0.512329,0.54832,0.288801,0.954305,-0.076792,0.668939,0.653996,0.353285,0.254731,0.919678,-0.298838,0.511861,0.61435,-0.600477,0.324194,-0.130725,-0.936915,0.653016,0.590318,-0.474441,-0.790879,-0.130723,-0.597848,-0.24943,0.590319,-0.767665,-0.812984,-0.13072,0.567423,-0.807172,0.590316,0,0.288425,-0.13072,0.948538,-0.24943,0.590316,0.767667,0.991241,-0.130719,0.018807,0.653018,0.590315,0.474443,0.300256,0.236432,-0.924092,0.249429,-0.590319,-0.767664,0.790514,0.129561,-0.598583,-0.786081,0.236432,-0.571118,-0.728294,-0.435438,-0.529133,-0.42681,0.097294,-0.899092,-0.786081,0.236431,0.571118,-0.653018,-0.590315,0.474443,-0.991241,0.130719,0.018807,0.300256,0.236432,0.924092,0.24943,-0.590316,0.767667,-0.288425,0.13072,0.948537,0.971648,0.236433,-0,0.807172,-0.590316,0,0.812984,0.13072,0.567423,0.646994,-0.756193,0.097832,0.274953,-0.493406,-0.825198,-0.384401,-0.452913,-0.804429,-0.491968,-0.588941,-0.641183,-0.863923,-0.503357,0.016389,0.672336,-0.572504,0.469259,-0.677415,-0.657676,0.329503,-0.268668,-0.383564,0.88357],
    "faces":[43,0,1,3,2,0,0,1,2,3,0,0,0,0,43,2,3,5,4,0,3,2,4,5,1,1,1,1,43,4,5,7,6,0,6,7,8,9,2,2,2,2,42,5,3,1,0,14,10,11,3,3,3,42,1,9,7,0,11,12,13,4,4,4,42,1,7,5,0,11,13,14,4,4,4,43,6,7,9,8,0,15,16,17,18,5,5,5,5,43,1,0,8,9,0,19,20,18,17,6,6,6,6,42,8,0,2,0,25,21,22,7,7,7,42,2,4,6,0,22,23,24,8,8,8,42,2,6,8,0,22,24,25,9,9,9,42,17,21,10,0,26,27,28,10,10,10,42,17,10,20,0,26,28,29,11,11,11,42,10,23,31,0,30,31,32,12,12,12,42,19,25,28,0,33,34,35,13,13,13,42,18,27,30,0,36,37,38,14,14,14,42,22,29,32,0,39,40,41,15,15,15,42,10,31,34,0,42,43,44,16,16,16,42,24,33,26,0,45,46,47,17,17,17,42,11,15,35,0,48,49,50,18,18,18,42,12,11,37,0,51,52,53,19,19,19,42,13,12,37,0,54,51,53,20,20,20,42,14,13,16,0,55,54,56,21,21,21,42,15,14,36,0,57,55,58,22,22,22,42,36,14,16,0,58,55,56,23,23,23,42,16,13,37,0,56,54,53,24,24,24,42,37,35,16,0,53,59,56,25,25,25,42,37,11,35,0,53,52,59,26,26,26,42,35,36,16,0,59,58,56,27,27,27,42,35,15,36,0,59,57,58,28,28,28,42,26,14,15,0,60,61,62,29,29,29,42,26,33,14,0,63,64,65,30,30,30,42,34,13,14,0,66,67,68,31,31,31,42,34,31,13,0,69,70,71,32,32,32,42,32,12,13,0,72,73,74,33,33,33,42,32,29,12,0,75,76,77,34,34,34,42,30,11,12,0,78,79,80,35,35,35,42,30,27,11,0,81,82,83,36,36,36,42,28,15,11,0,84,49,48,37,37,37,42,28,25,15,0,85,86,87,38,38,38,42,33,34,14,0,88,66,68,39,39,39,42,33,24,34,0,46,45,89,40,40,40,42,24,10,34,0,90,91,92,41,41,41,42,31,32,13,0,93,94,95,42,42,42,42,31,23,32,0,96,97,98,43,43,43,42,23,22,32,0,99,100,101,44,44,44,42,29,30,12,0,76,102,77,45,45,45,42,29,22,30,0,40,39,103,46,46,46,42,22,18,30,0,104,105,106,47,47,47,42,27,28,11,0,107,84,48,48,48,48,42,27,18,28,0,108,109,110,49,49,49,42,18,19,28,0,111,33,35,50,50,50,42,25,26,15,0,112,113,114,51,51,51,42,25,19,26,0,115,116,117,52,52,52,42,19,24,26,0,118,119,120,53,53,53,42,20,10,24,0,29,28,121,54,54,54,42,10,21,23,0,28,27,122,55,55,55,42,21,22,23,0,27,123,122,56,56,56,42,21,17,22,0,27,26,123,57,57,57,42,17,18,22,0,26,124,123,58,58,58,42,19,20,24,0,125,29,121,59,59,59,42,17,20,18,0,26,29,124,60,60,60,42,20,19,18,0,126,33,111,61,61,61]
}